<?xml version="1.0" encoding="utf-8" standalone="yes"?>
<rss version="2.0" xmlns:atom="http://www.w3.org/2005/Atom">
  <channel>
    <title>Converting on DNM Bible</title>
    <link>http://biblemeowimkh3utujmhm6oh2oeb3ubjw2lpgeq3lahrfr2l6ev6zgyd.onion/bible/cryptocurrencies/converting/</link>
    <description>Recent content in Converting on DNM Bible</description>
    <generator>Hugo -- gohugo.io</generator>
    <language>en-us</language>
    
	<atom:link href="http://biblemeowimkh3utujmhm6oh2oeb3ubjw2lpgeq3lahrfr2l6ev6zgyd.onion/bible/cryptocurrencies/converting/index.xml" rel="self" type="application/rss+xml" />
    
    
    <item>
      <title>Converting Coins</title>
      <link>http://biblemeowimkh3utujmhm6oh2oeb3ubjw2lpgeq3lahrfr2l6ev6zgyd.onion/bible/cryptocurrencies/converting/converting_coins/</link>
      <pubDate>Mon, 01 Jan 0001 00:00:00 +0000</pubDate>
      
      <guid>http://biblemeowimkh3utujmhm6oh2oeb3ubjw2lpgeq3lahrfr2l6ev6zgyd.onion/bible/cryptocurrencies/converting/converting_coins/</guid>
      <description>Converting your coins Converting your coins is a very straight forward process. The goal for everyone should always be to use Monero (XMR) if you cannot start with Monero you can purchase Litecoin or Bitcoin, and swap them for Monero.
Once you have your starting coins, you can visit [https://kycnot.me] or you can also visit our sister XMR guide. [http://xmrguide25ibknxgaray5rqksrclddxqku3ggdcnzg4ogdi5qkdkd2yd.onion] Both have a list of of exchangers you can use.</description>
    </item>
    
    <item>
      <title>Crypto Closing Words</title>
      <link>http://biblemeowimkh3utujmhm6oh2oeb3ubjw2lpgeq3lahrfr2l6ev6zgyd.onion/bible/cryptocurrencies/converting/crypto_closing_words/</link>
      <pubDate>Mon, 01 Jan 0001 00:00:00 +0000</pubDate>
      
      <guid>http://biblemeowimkh3utujmhm6oh2oeb3ubjw2lpgeq3lahrfr2l6ev6zgyd.onion/bible/cryptocurrencies/converting/crypto_closing_words/</guid>
      <description>Crypto Closing Words After you convert make sure you use a new wallet that has not ever been tied to your identity. Wallets that send coins to markets can be labeled as “hot” you don’t want the two wallets to ever interact.
If you started with Bitcoin, and need to pay in bitcoin here is an example of the path you follow: BTC Exchange-&amp;gt; BTC Wallet 1 -&amp;gt; Convert to XMR -&amp;gt; XMR Wallet-&amp;gt; Pay for your goods.</description>
    </item>
    
  </channel>
</rss>