<?xml version="1.0" encoding="utf-8" standalone="yes"?>
<rss version="2.0" xmlns:atom="http://www.w3.org/2005/Atom">
  <channel>
    <title>Mobile Guide on DNM Bible</title>
    <link>http://biblemeowimkh3utujmhm6oh2oeb3ubjw2lpgeq3lahrfr2l6ev6zgyd.onion/bible/operating-systems/mobile/</link>
    <description>Recent content in Mobile Guide on DNM Bible</description>
    <generator>Hugo -- gohugo.io</generator>
    <language>en-us</language>
    
	<atom:link href="http://biblemeowimkh3utujmhm6oh2oeb3ubjw2lpgeq3lahrfr2l6ev6zgyd.onion/bible/operating-systems/mobile/index.xml" rel="self" type="application/rss+xml" />
    
    
    <item>
      <title>Installation</title>
      <link>http://biblemeowimkh3utujmhm6oh2oeb3ubjw2lpgeq3lahrfr2l6ev6zgyd.onion/bible/operating-systems/mobile/mobile_guide/</link>
      <pubDate>Mon, 01 Jan 0001 00:00:00 +0000</pubDate>
      
      <guid>http://biblemeowimkh3utujmhm6oh2oeb3ubjw2lpgeq3lahrfr2l6ev6zgyd.onion/bible/operating-systems/mobile/mobile_guide/</guid>
      <description>Getting started Before we begin remember this guide should only be used if you have no other options! Mobile is still not good for your opsec!  Installation Graphene has two officially supported installation methods, this guide will cover the recommended method.
 WebUSB-based Installer - recommended for most users Command Line Install - recommended for advanced users  Prerequisites Install an officially supported operating system, you should have at least 4GB of free memory available and 32GB of free storage.</description>
    </item>
    
  </channel>
</rss>